Year,Country,GDP total,GDP growth,GDP per capita
1960,Angola,,null,
1961,Angola,,#DIV/0!,
1962,Angola,,#DIV/0!,
1963,Angola,,#DIV/0!,
1964,Angola,,#DIV/0!,
1965,Angola,,#DIV/0!,
1966,Angola,,#DIV/0!,
1967,Angola,,#DIV/0!,
1968,Angola,,#DIV/0!,
1969,Angola,,#DIV/0!,
1970,Angola,,#DIV/0!,
1971,Angola,,#DIV/0!,
1972,Angola,,#DIV/0!,
1973,Angola,,#DIV/0!,
1974,Angola,,#DIV/0!,
1975,Angola,,#DIV/0!,
1976,Angola,,#DIV/0!,
1977,Angola,,#DIV/0!,
1978,Angola,,#DIV/0!,
1979,Angola,,#DIV/0!,
1980,Angola,5930503401,#DIV/0!,710.9816481
1981,Angola,5550483036,-0.064078939,642.383858
1982,Angola,5550483036,0,619.9613575
1983,Angola,5784341596,0.04213301,623.4405848
1984,Angola,6131475065,0.060012616,637.7152307
1985,Angola,7553560459,0.231932019,758.2375762
1986,Angola,7072063345,-0.063744391,685.2700853
1987,Angola,8083872012,0.143071211,756.261853
1988,Angola,8769250550,0.084783447,792.3031202
1989,Angola,10201099040,0.1632806,890.5541365
1990,Angola,11228764963,0.100740706,947.7041821
1991,Angola,10603784541,-0.055658875,865.6927296
1992,Angola,8307810974,-0.216523974,656.361756
1993,Angola,5768720422,-0.305626905,441.2006733
1994,Angola,4438321017,-0.230622964,328.6732947
1995,Angola,5538749260,0.247937956,397.1794508
1996,Angola,7526446606,0.358871155,522.6438073
1997,Angola,7648377413,0.016200315,514.2952232
1998,Angola,6506229607,-0.149332041,423.5936602
1999,Angola,6152922943,-0.054302827,387.784316
2000,Angola,9129594819,0.483781758,556.8363181
2001,Angola,8936063723,-0.021198213,527.3335285
2002,Angola,15285594828,0.710551234,872.4944916
2003,Angola,17812705294,0.165326276,982.9608993
2004,Angola,23552052408,0.322205247,1255.564045
2005,Angola,36970918699,0.569753585,1902.422346
2006,Angola,52381006892,0.41681648,2599.566464
2007,Angola,65266452081,0.245994607,3121.995637
2008,Angola,88538611205,0.356571537,4080.94141
2009,Angola,70307163678,-0.205915219,3122.780766
2010,Angola,83799496611,0.191905522,3587.883798
2011,Angola,1.12E+11,0.336523542,4615.468028
2012,Angola,1.28E+11,0.142857143,5100.095808
2013,Angola,1.37E+11,0.0703125,5254.882338
2014,Angola,1.46E+11,0.065693431,5408.410496
2015,Angola,1.16E+11,-0.205479452,4166.979684
2016,Angola,1.01E+11,-0.129310345,3506.072885
2017,Angola,1.22E+11,0.207920792,4095.812942
2018,Angola,1.06E+11,-0.131147541,3432.385736
1960,Brazil,15165569913,null,210.1098994
1961,Brazil,15236854859,0.004700446,205.0407683
1962,Brazil,19926293839,0.307769485,260.4256531
1963,Brazil,23021477292,0.155331618,292.2521363
1964,Brazil,21211892260,-0.07860421,261.6666196
1965,Brazil,21790035117,0.0272556,261.3543545
1966,Brazil,27062716578,0.241976731,315.7972029
1967,Brazil,30591834054,0.130405145,347.4930561
1968,Brazil,33875881876,0.107350472,374.7867754
1969,Brazil,37458898244,0.105768947,403.8842673
1970,Brazil,42327600098,0.129974508,445.0231006
1971,Brazil,49204456700,0.162467435,504.7495161
1972,Brazil,58539008786,0.189709484,586.214405
1973,Brazil,79279057731,0.354294502,775.2733003
1974,Brazil,1.05E+11,0.324435519,1004.10491
1975,Brazil,1.24E+11,0.180952381,1153.830958
1976,Brazil,1.53E+11,0.233870968,1390.624975
1977,Brazil,1.76E+11,0.150326797,1567.006182
1978,Brazil,2.01E+11,0.142045455,1744.257129
1979,Brazil,2.25E+11,0.119402985,1908.487627
1980,Brazil,2.35E+11,0.044444444,1947.27643
1981,Brazil,2.64E+11,0.123404255,2132.883317
1982,Brazil,2.82E+11,0.068181818,2226.767261
1983,Brazil,2.03E+11,-0.280141844,1570.539747
1984,Brazil,2.09E+11,0.02955665,1578.926417
1985,Brazil,2.23E+11,0.066985646,1648.082104
1986,Brazil,2.68E+11,0.201793722,1941.491109
1987,Brazil,2.94E+11,0.097014925,2087.307605
1988,Brazil,3.30E+11,0.12244898,2300.376844
1989,Brazil,4.26E+11,0.290909091,2908.496158
1990,Brazil,4.62E+11,0.084507042,3100.280468
1991,Brazil,6.03E+11,0.305194805,3975.390089
1992,Brazil,4.01E+11,-0.334991708,2596.919876
1993,Brazil,4.38E+11,0.092269327,2791.209124
1994,Brazil,5.58E+11,0.273972603,3500.61149
1995,Brazil,7.69E+11,0.378136201,4748.215529
1996,Brazil,8.50E+11,0.105331599,5166.163745
1997,Brazil,8.83E+11,0.038823529,5282.008828
1998,Brazil,8.64E+11,-0.021517554,5087.152221
1999,Brazil,5.99E+11,-0.306712963,3478.37273
2000,Brazil,6.55E+11,0.093489149,3749.75325
2001,Brazil,5.59E+11,-0.146564885,3156.798718
2002,Brazil,5.08E+11,-0.091234347,2829.283192
2003,Brazil,5.58E+11,0.098425197,3070.910491
2004,Brazil,6.69E+11,0.198924731,3637.462389
2005,Brazil,8.92E+11,0.333333333,4790.437088
2006,Brazil,1.11E+12,0.244394619,5886.463588
2007,Brazil,1.40E+12,0.261261261,7348.030794
2008,Brazil,1.70E+12,0.214285714,8831.023117
2009,Brazil,1.67E+12,-0.017647059,8597.915352
2010,Brazil,2.21E+12,0.323353293,11286.24302
2011,Brazil,2.62E+12,0.185520362,13245.61553
2012,Brazil,2.47E+12,-0.057251908,12370.0242
2013,Brazil,2.47E+12,0,12300.32258
2014,Brazil,2.46E+12,-0.004048583,12112.5903
2015,Brazil,1.80E+12,-0.268292683,8814.000987
2016,Brazil,1.80E+12,0,8712.887044
2017,Brazil,2.05E+12,0.138888889,9880.946543
2018,Brazil,1.87E+12,-0.087804878,8920.762105
1960,China,59716467625,null,89.52054151
1961,China,50056868958,-0.161757704,75.80583793
1962,China,47209359006,-0.056885499,70.90941167
1963,China,50706799903,0.074083634,74.31364345
1964,China,59708343489,0.177521429,85.49855516
1965,China,70436266147,0.179672087,98.48677775
1966,China,76720285970,0.089215686,104.3245662
1967,China,72881631327,-0.050034415,96.58953194
1968,China,70846535056,-0.027923308,91.47271831
1969,China,79705906247,0.125050169,100.1299033
1970,China,92602973434,0.161808175,113.1629916
1971,China,99800958648,0.077729526,118.6545778
1972,China,1.14E+11,0.142273597,131.8835612
1973,China,1.39E+11,0.219298246,157.0903743
1974,China,1.44E+11,0.035971223,160.1400937
1975,China,1.63E+11,0.131944444,178.3418196
1976,China,1.54E+11,-0.055214724,165.4055404
1977,China,1.75E+11,0.136363636,185.4228329
1978,China,1.50E+11,-0.142857143,156.3963885
1979,China,1.78E+11,0.186666667,183.9831522
1980,China,1.91E+11,0.073033708,194.8047222
1981,China,1.96E+11,0.02617801,197.0714745
1982,China,2.05E+11,0.045918367,203.3349195
1983,China,2.31E+11,0.126829268,225.4319289
1984,China,2.60E+11,0.125541126,250.713969
1985,China,3.09E+11,0.188461538,294.4588485
1986,China,3.01E+11,-0.025889968,281.9281209
1987,China,2.73E+11,-0.093023256,251.811957
1988,China,3.12E+11,0.142857143,283.5376952
1989,China,3.48E+11,0.115384615,310.8819124
1990,China,3.61E+11,0.037356322,317.884673
1991,China,3.83E+11,0.060941828,333.1421454
1992,China,4.27E+11,0.114882507,366.4606923
1993,China,4.45E+11,0.042154567,377.3898395
1994,China,5.64E+11,0.26741573,473.4922787
1995,China,7.35E+11,0.303191489,609.6566792
1996,China,8.64E+11,0.175510204,709.4137551
1997,China,9.62E+11,0.113425926,781.7441643
1998,China,1.03E+12,0.070686071,828.5804793
1999,China,1.09E+12,0.058252427,873.2870617
2000,China,1.21E+12,0.110091743,959.3724836
2001,China,1.34E+12,0.107438017,1053.108243
2002,China,1.47E+12,0.097014925,1148.50829
2003,China,1.66E+12,0.129251701,1288.643252
2004,China,1.96E+12,0.180722892,1508.668098
2005,China,2.29E+12,0.168367347,1753.417829
2006,China,2.75E+12,0.200873362,2099.229435
2007,China,3.55E+12,0.290909091,2693.969827
2008,China,4.59E+12,0.292957746,3468.304463
2009,China,5.10E+12,0.111111111,3832.235952
2010,China,6.09E+12,0.194117647,4550.453596
2011,China,7.55E+12,0.239737274,5618.132491
2012,China,8.53E+12,0.129801325,6316.918863
2013,China,9.57E+12,0.121922626,7050.64592
2014,China,1.04E+13,0.086729363,7651.366044
2015,China,1.10E+13,0.057692308,8033.388043
2016,China,1.11E+13,0.009090909,8078.790474
2017,China,1.21E+13,0.09009009,8759.041578
2018,China,1.36E+13,0.123966942,9770.847088
1960,European Union,3.59E+11,null,877.1046707
1961,European Union,3.91E+11,0.08913649,946.854116
1962,European Union,4.27E+11,0.092071611,1025.296067
1963,European Union,4.70E+11,0.100702576,1119.512748
1964,European Union,5.21E+11,0.108510638,1229.895467
1965,European Union,5.68E+11,0.090211132,1328.306515
1966,European Union,6.15E+11,0.082746479,1428.865436
1967,European Union,6.61E+11,0.074796748,1524.186551
1968,European Union,6.87E+11,0.039334342,1573.512946
1969,European Union,7.55E+11,0.098981077,1717.087016
1970,European Union,8.55E+11,0.132450331,1935.56599
1971,European Union,9.68E+11,0.132163743,2178.064809
1972,European Union,1.16E+12,0.198347107,2591.440272
1973,European Union,1.47E+12,0.267241379,3271.252767
1974,European Union,1.65E+12,0.12244898,3656.877657
1975,European Union,1.93E+12,0.16969697,4240.957788
1976,European Union,2.00E+12,0.03626943,4372.114414
1977,European Union,2.26E+12,0.13,4930.488342
1978,European Union,2.77E+12,0.225663717,6017.978859
1979,European Union,3.38E+12,0.220216606,7320.085672
1980,European Union,3.86E+12,0.142011834,8320.102208
1981,European Union,3.42E+12,-0.113989637,7334.287925
1982,European Union,3.29E+12,-0.038011696,7039.053377
1983,European Union,3.19E+12,-0.030395137,6806.924099
1984,European Union,3.06E+12,-0.040752351,6521.092749
1985,European Union,3.16E+12,0.032679739,6723.254641
1986,European Union,4.34E+12,0.373417722,9193.85139
1987,European Union,5.37E+12,0.237327189,11343.13004
1988,European Union,5.99E+12,0.115456238,12613.09992
1989,European Union,6.11E+12,0.020033389,12835.73655
1990,European Union,7.58E+12,0.240589198,15864.22743
1991,European Union,7.86E+12,0.036939314,16403.24479
1992,European Union,8.56E+12,0.089058524,17819.1148
1993,European Union,7.81E+12,-0.087616822,16198.92769
1994,European Union,8.29E+12,0.061459667,17160.81375
1995,European Union,9.63E+12,0.161640531,19887.59678
1996,European Union,9.84E+12,0.021806854,20286.9947
1997,European Union,9.29E+12,-0.055894309,19115.79818
1998,European Union,9.61E+12,0.03444564,19743.1387
1999,European Union,9.59E+12,-0.002081165,19673.54383
2000,European Union,8.91E+12,-0.070907195,18250.30918
2001,European Union,9.01E+12,0.011223345,18430.6157
2002,European Union,9.83E+12,0.091009989,20045.8575
2003,European Union,1.20E+13,0.220752798,24306.22935
2004,European Union,1.38E+13,0.15,27951.75367
2005,European Union,1.44E+13,0.043478261,29120.33007
2006,European Union,1.54E+13,0.069444444,30950.59862
2007,European Union,1.78E+13,0.155844156,35636.42072
2008,European Union,1.92E+13,0.078651685,38198.6029
2009,European Union,1.71E+13,-0.109375,34035.82372
2010,European Union,1.70E+13,-0.005847953,33729.24065
2011,European Union,1.84E+13,0.082352941,36456.54845
2012,European Union,1.73E+13,-0.059782609,34284.28744
2013,European Union,1.81E+13,0.046242775,35635.2239
2014,European Union,1.87E+13,0.033149171,36735.32708
2015,European Union,1.64E+13,-0.122994652,32265.88088
2016,European Union,1.66E+13,0.012195122,32376.28376
2017,European Union,1.73E+13,0.042168675,33873.285
2018,European Union,1.88E+13,0.086705202,36546.39969
1960,Japan,44307342950,null,877.1046707
1961,Japan,53508617739,0.207669298,946.854116
1962,Japan,60723018684,0.134826898,1025.296067
1963,Japan,69498131797,0.144510489,1119.512748
1964,Japan,81749006382,0.176276315,1229.895467
1965,Japan,90950278258,0.112555152,1328.306515
1966,Japan,1.06E+11,0.16547197,1428.865436
1967,Japan,1.24E+11,0.169811321,1524.186551
1968,Japan,1.47E+11,0.185483871,1573.512946
1969,Japan,1.72E+11,0.170068027,1717.087016
1970,Japan,2.13E+11,0.238372093,1935.56599
1971,Japan,2.40E+11,0.126760563,2178.064809
1972,Japan,3.18E+11,0.325,2591.440272
1973,Japan,4.32E+11,0.358490566,3271.252767
1974,Japan,4.80E+11,0.111111111,3656.877657
1975,Japan,5.22E+11,0.0875,4240.957788
1976,Japan,5.86E+11,0.122605364,4372.114414
1977,Japan,7.21E+11,0.230375427,4930.488342
1978,Japan,1.01E+12,0.400832178,6017.978859
1979,Japan,1.06E+12,0.04950495,7320.085672
1980,Japan,1.11E+12,0.047169811,8320.102208
1981,Japan,1.22E+12,0.099099099,7334.287925
1982,Japan,1.13E+12,-0.073770492,7039.053377
1983,Japan,1.24E+12,0.097345133,6806.924099
1984,Japan,1.32E+12,0.064516129,6521.092749
1985,Japan,1.40E+12,0.060606061,6723.254641
1986,Japan,2.08E+12,0.485714286,9193.85139
1987,Japan,2.53E+12,0.216346154,11343.13004
1988,Japan,3.07E+12,0.213438735,12613.09992
1989,Japan,3.05E+12,-0.006514658,12835.73655
1990,Japan,3.13E+12,0.026229508,15864.22743
1991,Japan,3.58E+12,0.143769968,16403.24479
1992,Japan,3.91E+12,0.092178771,17819.1148
1993,Japan,4.45E+12,0.138107417,16198.92769
1994,Japan,4.91E+12,0.103370787,17160.81375
1995,Japan,5.45E+12,0.109979633,19887.59678
1996,Japan,4.83E+12,-0.113761468,20286.9947
1997,Japan,4.41E+12,-0.086956522,19115.79818
1998,Japan,4.03E+12,-0.0861678,19743.1387
1999,Japan,4.56E+12,0.131513648,19673.54383
2000,Japan,4.89E+12,0.072368421,18250.30918
2001,Japan,4.30E+12,-0.120654397,18430.6157
2002,Japan,4.12E+12,-0.041860465,20045.8575
2003,Japan,4.45E+12,0.080097087,24306.22935
2004,Japan,4.82E+12,0.083146067,27951.75367
2005,Japan,4.76E+12,-0.012448133,29120.33007
2006,Japan,4.53E+12,-0.048319328,30950.59862
2007,Japan,4.52E+12,-0.002207506,35636.42072
2008,Japan,5.04E+12,0.115044248,38198.6029
2009,Japan,5.23E+12,0.037698413,34035.82372
2010,Japan,5.70E+12,0.089866157,33729.24065
2011,Japan,6.16E+12,0.080701754,36456.54845
2012,Japan,6.20E+12,0.006493506,34284.28744
2013,Japan,5.16E+12,-0.167741935,35635.2239
2014,Japan,4.85E+12,-0.060077519,36735.32708
2015,Japan,4.39E+12,-0.094845361,32265.88088
2016,Japan,4.93E+12,0.123006834,32376.28376
2017,Japan,4.86E+12,-0.014198783,33873.285
2018,Japan,4.97E+12,0.022633745,36546.39969
1960,Kenya,791265458.8,null,97.44552502
1961,Kenya,792959472.1,0.002140891,94.65125879
1962,Kenya,868111400,0.094773983,100.3943906
1963,Kenya,926589348.6,0.067362263,103.7787094
1964,Kenya,998759333.6,0.077887777,108.2936884
1965,Kenya,997919320,-0.000841057,104.711564
1966,Kenya,1164519673,0.166947718,118.2080184
1967,Kenya,1232559506,0.05842738,120.9876974
1968,Kenya,1353295458,0.097955475,128.3974447
1969,Kenya,1458379415,0.077650417,133.6653704
1970,Kenya,1603447357,0.099472017,141.8804934
1971,Kenya,1778391289,0.10910488,151.8299327
1972,Kenya,2107279157,0.184935604,173.4947604
1973,Kenya,2502142444,0.187380626,198.5701733
1974,Kenya,2973309272,0.188305358,227.3634428
1975,Kenya,3259344936,0.096201114,240.0830336
1976,Kenya,3474542392,0.066024757,246.486774
1977,Kenya,4494378855,0.293516771,307.0163691
1978,Kenya,5303734883,0.180081843,348.806605
1979,Kenya,6234390975,0.175471835,394.6372562
1980,Kenya,7265315332,0.165360877,442.5429829
1981,Kenya,6854491454,-0.056545912,401.6960422
1982,Kenya,6431579357,-0.061698537,362.6218506
1983,Kenya,5979198464,-0.07033745,324.3964841
1984,Kenya,6191437070,0.035496163,323.3734316
1985,Kenya,6135034338,-0.009109797,308.6486251
1986,Kenya,7239126717,0.179965151,351.0294899
1987,Kenya,7970820531,0.101074873,372.7798512
1988,Kenya,8355380879,0.048246018,377.1555059
1989,Kenya,8283114648,-0.008649065,361.1546293
1990,Kenya,8572359163,0.034919777,361.3281889
1991,Kenya,8151479004,-0.049097355,332.4189598
1992,Kenya,8209129172,0.007072357,324.1374038
1993,Kenya,5751789915,-0.299342257,220.0697268
1994,Kenya,7148145376,0.242768857,265.2322565
1995,Kenya,9046326060,0.265548696,325.7789408
1996,Kenya,12045858436,0.331574648,421.3392708
1997,Kenya,13115773738,0.088820179,445.8772703
1998,Kenya,14093998844,0.074583866,465.909801
1999,Kenya,12896013577,-0.084999671,414.6793898
2000,Kenya,12705357103,-0.01478414,397.4826588
2001,Kenya,12986007426,0.022089133,395.3295318
2002,Kenya,13147743911,0.012454674,389.542711
2003,Kenya,14904517650,0.133617885,429.7878437
2004,Kenya,16095337094,0.079896544,451.6687159
2005,Kenya,18737897745,0.164181752,511.6164222
2006,Kenya,25825524821,0.378250921,685.9545322
2007,Kenya,31958195182,0.237465469,825.6665976
2008,Kenya,35895153328,0.123190879,902.0700258
2009,Kenya,37021512049,0.031379131,905.1317861
2010,Kenya,40000088347,0.080455285,951.6879611
2011,Kenya,41953433591,0.048833523,971.633329
2012,Kenya,50412754861,0.20163597,1136.871406
2013,Kenya,55096728048,0.092912462,1210.388014
2014,Kenya,61448046802,0.115275788,1315.804535
2015,Kenya,64007750179,0.041656383,1336.883349
2016,Kenya,69188755511,0.080943406,1410.527571
2017,Kenya,78757391333,0.138297556,1568.201541
2018,Kenya,87908262520,0.116190633,1710.510097
1960,Nigeria,4196092258,null,96.97904472
1961,Nigeria,4467200336,0.064609656,104.3870197
1962,Nigeria,4909302954,0.098966374,107.5405681
1963,Nigeria,5165489010,0.052183794,113.1687212
1964,Nigeria,5552822484,0.074984861,117.1886325
1965,Nigeria,5874422512,0.057916497,124.3077828
1966,Nigeria,6366792664,0.083815924,99.40607496
1967,Nigeria,5203135937,-0.182769691,97.20175178
1968,Nigeria,5200895982,-0.000430501,121.2453641
1969,Nigeria,6634187316,0.275585464,224.1044767
1970,Nigeria,12545849083,0.891090572,160.2487501
1971,Nigeria,9181769912,-0.268142806,209.2260626
1972,Nigeria,12274416018,0.336824614,252.232652
1973,Nigeria,15162871287,0.235323234,402.849847
1974,Nigeria,24846641318,0.638650151,438.33124
1975,Nigeria,27778934625,0.118015681,556.702179
1976,Nigeria,36308883249,0.307065362,536.2162268
1977,Nigeria,36035407725,-0.007531918,527.3112654
1978,Nigeria,36527862209,0.01366585,662.2640537
1979,Nigeria,47259911894,0.293804483,874.4022258
1980,Nigeria,64201788123,0.358483026,2180.197708
1981,Nigeria,1.64E+11,1.554445987,1843.909186
1982,Nigeria,1.43E+11,-0.12804878,1222.62932
1983,Nigeria,97094911791,-0.321014603,902.2158721
1984,Nigeria,73484359521,-0.24316982,882.5199059
1985,Nigeria,73745821156,0.003558058,639.0131009
1986,Nigeria,54805852581,-0.256827686,598.2648417
1987,Nigeria,52676041931,-0.038861008,549.2374755
1988,Nigeria,49648470440,-0.057475303,474.2321023
1989,Nigeria,44003061108,-0.113707618,567.5286729
1990,Nigeria,54035795388,0.228000826,502.9141389
1991,Nigeria,49118433048,-0.091001942,477.1776142
1992,Nigeria,47794925815,-0.026945225,270.2239615
1993,Nigeria,27752204320,-0.419348313,321.3206772
1994,Nigeria,33833042988,0.219111916,408.18106
1995,Nigeria,44062465800,0.302350067,461.5195779
1996,Nigeria,51075815093,0.159168334,479.9837556
1997,Nigeria,54457835193,0.066215685,469.4305648
1998,Nigeria,54604050168,0.002684921,497.8415405
1999,Nigeria,59372613486,0.087329846,567.930736
2000,Nigeria,69448756933,0.16971029,590.381815
2001,Nigeria,74030364472,0.065971052,741.7475112
2002,Nigeria,95385819321,0.28846886,795.3862467
2003,Nigeria,1.05E+11,0.100792558,1007.874328
2004,Nigeria,1.36E+11,0.295238095,1268.383443
2005,Nigeria,1.76E+11,0.294117647,1656.424759
2006,Nigeria,2.36E+11,0.340909091,1883.461311
2007,Nigeria,2.76E+11,0.169491525,2242.871886
2008,Nigeria,3.37E+11,0.221014493,1891.33537
2009,Nigeria,2.92E+11,-0.133531157,2292.445156
2010,Nigeria,3.63E+11,0.243150685,2520.404166
2011,Nigeria,4.10E+11,0.129476584,2746.991789
2012,Nigeria,4.59E+11,0.119512195,2998.072843
2013,Nigeria,5.15E+11,0.122004357,3222.693537
2014,Nigeria,5.68E+11,0.102912621,2730.430324
2015,Nigeria,4.95E+11,-0.128521127,2175.99967
2016,Nigeria,4.05E+11,-0.181818182,1968.559588
2017,Nigeria,3.76E+11,-0.071604938,2028.18197
2018,Nigeria,3.97E+11,0.055851064,39286.73765
1960,Egypt,,null,
1961,Egypt,,#DIV/0!,
1962,Egypt,,#DIV/0!,
1963,Egypt,,#DIV/0!,
1964,Egypt,,#DIV/0!,
1965,Egypt,4948667540,#DIV/0!,162.608483
1966,Egypt,5278005612,0.066550858,168.9632242
1967,Egypt,5605484299,0.062045915,174.8625879
1968,Egypt,5932242991,0.058292678,180.4108756
1969,Egypt,6524455206,0.099829393,193.5859804
1970,Egypt,8042200452,0.232624058,233.0137163
1971,Egypt,8609283346,0.0705134,243.8067877
1972,Egypt,9299638056,0.080187245,257.5887293
1973,Egypt,10098534613,0.085906199,273.6985848
1974,Egypt,9228963225,-0.08610867,244.747202
1975,Egypt,11632178869,0.260399309,301.7493585
1976,Egypt,13315988083,0.144754412,337.7743775
1977,Egypt,14400806876,0.08146739,357.0779478
1978,Egypt,14811704063,0.028532928,358.8477275
1979,Egypt,18020571429,0.216644037,426.3464634
1980,Egypt,21669908177,0.202509491,500.3550452
1981,Egypt,22136081081,0.021512454,498.5591159
1982,Egypt,27655172414,0.249325584,607.2815094
1983,Egypt,30966239814,0.119726876,662.68726
1984,Egypt,33971188992,0.097039524,708.1957624
1985,Egypt,39053502251,0.149606576,792.8239454
1986,Egypt,41253507951,0.056333122,815.2487916
1987,Egypt,40455616654,-0.019341175,778.1168274
1988,Egypt,34980124929,-0.13534565,655.0677687
1989,Egypt,39756299050,0.136539653,725.6297363
1990,Egypt,42978914311,0.081059237,765.6420464
1991,Egypt,37387836491,-0.130088857,651.0775817
1992,Egypt,41855986519,0.119508119,713.4525239
1993,Egypt,46578631453,0.112830812,777.8577091
1994,Egypt,51897983393,0.114201551,849.4524991
1995,Egypt,60159245060,0.159182711,965.11073
1996,Egypt,67629716981,0.124178286,1063.333095
1997,Egypt,78436578171,0.159794565,1208.719901
1998,Egypt,84828807556,0.081495516,1281.39672
1999,Egypt,90710704807,0.069338441,1343.551963
2000,Egypt,99838543960,0.100625821,1450.476242
2001,Egypt,97632008710,-0.022101036,1391.707846
2002,Egypt,87850683979,-0.100185634,1228.937975
2003,Egypt,82924503943,-0.056074464,1138.664673
2004,Egypt,78845185293,-0.049193163,1063.003663
2005,Egypt,89685725230,0.137491464,1187.51969
2006,Egypt,1.07E+11,0.193054968,1398.190624
2007,Egypt,1.30E+11,0.214953271,1667.843721
2008,Egypt,1.63E+11,0.253846154,2044.527855
2009,Egypt,1.89E+11,0.159509202,2329.23948
2010,Egypt,2.19E+11,0.158730159,2644.817039
2011,Egypt,2.36E+11,0.077625571,2791.954962
2012,Egypt,2.79E+11,0.18220339,3232.648892
2013,Egypt,2.89E+11,0.035842294,3264.378787
2014,Egypt,3.06E+11,0.058823529,3378.831358
2015,Egypt,3.33E+11,0.088235294,3598.970948
2016,Egypt,3.33E+11,0,3525.020165
2017,Egypt,2.35E+11,-0.294294294,2440.510173
2018,Egypt,2.51E+11,0.068085106,2549.139458
1960,India,37029884762,null,82.18860398
1961,India,39232436723,0.059480389,85.35430322
1962,India,42161482868,0.074658787,89.88175884
1963,India,48421924618,0.148487229,101.1264306
1964,India,56480291292,0.166419793,115.5374998
1965,India,59554856000,0.054436063,119.3189201
1966,India,45865463132,-0.229861909,89.99730812
1967,India,50134943403,0.093087042,96.33913895
1968,India,53085457141,0.058851442,99.87596699
1969,India,58447996416,0.101017106,107.6223204
1970,India,62422484548,0.068000417,112.4344962
1971,India,67350989633,0.078954004,118.6032449
1972,India,71463195541,0.061056355,122.9818668
1973,India,85515271632,0.19663375,143.7786915
1974,India,99525901498,0.163837752,163.4781151
1975,India,98472798814,-0.010581192,158.0361755
1976,India,1.03E+11,0.045974129,161.0920956
1977,India,1.21E+11,0.174757282,186.2135058
1978,India,1.37E+11,0.132231405,205.693391
1979,India,1.53E+11,0.116788321,224.0010222
1980,India,1.86E+11,0.215686275,266.5778545
1981,India,1.93E+11,0.037634409,270.4706089
1982,India,2.01E+11,0.041450777,274.111338
1983,India,2.18E+11,0.084577114,291.2381171
1984,India,2.12E+11,-0.027522936,276.6679653
1985,India,2.33E+11,0.099056604,296.4351586
1986,India,2.49E+11,0.068669528,310.4659425
1987,India,2.79E+11,0.120481928,340.4168398
1988,India,2.97E+11,0.064516129,354.1492601
1989,India,2.96E+11,-0.003367003,346.1128956
1990,India,3.21E+11,0.084459459,367.5566181
1991,India,2.70E+11,-0.158878505,303.0556126
1992,India,2.88E+11,0.066666667,316.9539355
1993,India,2.79E+11,-0.03125,301.1590114
1994,India,3.27E+11,0.172043011,346.1029586
1995,India,3.60E+11,0.100917431,373.766489
1996,India,3.93E+11,0.091666667,399.9500863
1997,India,4.16E+11,0.058524173,415.4938069
1998,India,4.21E+11,0.012019231,413.2989441
1999,India,4.59E+11,0.090261283,441.9987702
2000,India,4.68E+11,0.019607843,443.314204
2001,India,4.85E+11,0.036324786,451.5730119
2002,India,5.15E+11,0.06185567,470.9867972
2003,India,6.08E+11,0.180582524,546.7266276
2004,India,7.09E+11,0.166118421,627.7742623
2005,India,8.20E+11,0.156558533,714.8610803
2006,India,9.40E+11,0.146341463,806.7532837
2007,India,1.22E+12,0.29787234,1028.334759
2008,India,1.20E+12,-0.016393443,998.5222694
2009,India,1.34E+12,0.116666667,1101.960919
2010,India,1.68E+12,0.253731343,1357.563701
2011,India,1.82E+12,0.083333333,1458.103145
2012,India,1.83E+12,0.005494505,1443.879529
2013,India,1.86E+12,0.016393443,1449.605912
2014,India,2.04E+12,0.096774194,1573.881492
2015,India,2.10E+12,0.029411765,1605.605431
2016,India,2.29E+12,0.09047619,1729.268021
2017,India,2.65E+12,0.15720524,1981.499045
2018,India,2.73E+12,0.030188679,2015.590485
1960,United States,5.43E+11,null,3007.123445
1961,United States,5.63E+11,0.036832413,3066.562869
1962,United States,6.05E+11,0.074600355,3243.843078
1963,United States,6.39E+11,0.056198347,3374.515171
1964,United States,6.86E+11,0.073552426,3573.941185
1965,United States,7.44E+11,0.084548105,3827.52711
1966,United States,8.15E+11,0.095430108,4146.316646
1967,United States,8.62E+11,0.057668712,4336.426587
1968,United States,9.43E+11,0.093967517,4695.92339
1969,United States,1.02E+12,0.081654295,5032.144743
1970,United States,1.07E+12,0.049019608,5234.296666
1971,United States,1.16E+12,0.08411215,5609.3826
1972,United States,1.28E+12,0.103448276,6094.01799
1973,United States,1.43E+12,0.1171875,6726.358956
1974,United States,1.55E+12,0.083916084,7225.69136
1975,United States,1.68E+12,0.083870968,7801.456664
1976,United States,1.87E+12,0.113095238,8592.253537
1977,United States,2.08E+12,0.112299465,9452.576519
1978,United States,2.35E+12,0.129807692,10564.94822
1979,United States,2.63E+12,0.119148936,11674.18631
1980,United States,2.86E+12,0.087452471,12574.79151
1981,United States,3.21E+12,0.122377622,13976.10975
1982,United States,3.34E+12,0.040498442,14433.78773
1983,United States,3.63E+12,0.086826347,15543.89372
1984,United States,4.04E+12,0.112947658,17121.22548
1985,United States,4.34E+12,0.074257426,18236.82773
1986,United States,4.58E+12,0.055299539,19071.22719
1987,United States,4.86E+12,0.061135371,20038.9411
1988,United States,5.24E+12,0.0781893,21417.01193
1989,United States,5.64E+12,0.076335878,22857.15443
1990,United States,5.96E+12,0.056737589,23888.60001
1991,United States,6.16E+12,0.033557047,24342.2589
1992,United States,6.52E+12,0.058441558,25418.99078
1993,United States,6.86E+12,0.052147239,26387.29373
1994,United States,7.29E+12,0.062682216,27694.85342
1995,United States,7.64E+12,0.048010974,28690.8757
1996,United States,8.07E+12,0.056282723,29967.71272
1997,United States,8.58E+12,0.063197026,31459.139
1998,United States,9.06E+12,0.055944056,32853.67698
1999,United States,9.63E+12,0.062913907,34513.5615
2000,United States,1.03E+13,0.069574247,36334.90878
2001,United States,1.06E+13,0.029126214,37133.24281
2002,United States,1.09E+13,0.028301887,38023.16111
2003,United States,1.15E+13,0.055045872,39496.48588
2004,United States,1.22E+13,0.060869565,41712.80107
2005,United States,1.30E+13,0.06557377,44114.74778
2006,United States,1.38E+13,0.061538462,46298.73144
2007,United States,1.45E+13,0.050724638,47975.96768
2008,United States,1.47E+13,0.013793103,48382.55845
2009,United States,1.44E+13,-0.020408163,47099.98047
2010,United States,1.50E+13,0.041666667,48466.82338
2011,United States,1.55E+13,0.033333333,49883.11398
2012,United States,1.62E+13,0.04516129,51603.49726
2013,United States,1.68E+13,0.037037037,53106.90977
2014,United States,1.75E+13,0.041666667,55032.958
2015,United States,1.82E+13,0.04,56803.47243
2016,United States,1.87E+13,0.027472527,57904.20196
2017,United States,1.95E+13,0.042780749,59927.92983
2018,United States,2.05E+13,0.051282051,62641.01457
1960,South Africa,7575396973,null,443.009816
1961,South Africa,7972996814,0.052485677,454.9620132
1962,South Africa,8497996604,0.065847234,473.0116154
1963,South Africa,9423396234,0.108896211,511.4972525
1964,South Africa,10373995855,0.100876541,548.9959416
1965,South Africa,11334395471,0.092577598,584.7040722
1966,South Africa,12354995063,0.090044466,621.2208245
1967,South Africa,13777394495,0.115127479,675.135312
1968,South Africa,14894594048,0.08108932,711.2258104
1969,South Africa,16780393295,0.126609644,780.6259187
1970,South Africa,18418392640,0.097613883,834.5527676
1971,South Africa,20333691315,0.103988373,897.1298563
1972,South Africa,21357435928,0.050347209,917.3562094
1973,South Africa,29295674713,0.37168501,1225.089007
1974,South Africa,36807721039,0.256421687,1499.141068
1975,South Africa,38114542813,0.035504012,1512.770785
1976,South Africa,36603349968,-0.03964872,1416.708931
1977,South Africa,40651349965,0.110590971,1535.118897
1978,South Africa,46739449959,0.149763784,1722.226694
1979,South Africa,57645721016,0.233341879,2071.551303
1980,South Africa,82980483391,0.439490771,2905.807845
1981,South Africa,85454420504,0.029813482,2913.241756
1982,South Africa,78423059791,-0.082282001,2601.057861
1983,South Africa,87415851379,0.114670246,2820.434082
1984,South Africa,77344092904,-0.115216615,2429.027119
1985,South Africa,59082638803,-0.236106643,1807.976578
1986,South Africa,67521602553,0.142833223,2015.813748
1987,South Africa,88573697222,0.311783102,2582.494671
1988,South Africa,95176640968,0.074547455,2711.514991
1989,South Africa,99030856825,0.040495397,2756.212608
1990,South Africa,1.16E+11,0.171352079,3139.966054
1991,South Africa,1.24E+11,0.068965517,3285.95465
1992,South Africa,1.35E+11,0.088709677,3479.066283
1993,South Africa,1.34E+11,-0.007407407,3388.729303
1994,South Africa,1.40E+11,0.044776119,3445.230068
1995,South Africa,1.55E+11,0.107142857,3751.854328
1996,South Africa,1.48E+11,-0.04516129,3494.383567
1997,South Africa,1.53E+11,0.033783784,3549.579815
1998,South Africa,1.38E+11,-0.098039216,3154.020777
1999,South Africa,1.37E+11,-0.007246377,3081.569927
2000,South Africa,1.36E+11,-0.00729927,3032.427138
2001,South Africa,1.22E+11,-0.102941176,2666.480846
2002,South Africa,1.15E+11,-0.057377049,2502.265926
2003,South Africa,1.75E+11,0.52173913,3751.258432
2004,South Africa,2.29E+11,0.308571429,4833.633129
2005,South Africa,2.58E+11,0.126637555,5383.632556
2006,South Africa,2.72E+11,0.054263566,5601.970369
2007,South Africa,2.99E+11,0.099264706,6095.652721
2008,South Africa,2.87E+11,-0.040133779,5760.789016
2009,South Africa,2.96E+11,0.031358885,5862.81522
2010,South Africa,3.75E+11,0.266891892,7328.593646
2011,South Africa,4.16E+11,0.109333333,8007.377412
2012,South Africa,3.96E+11,-0.048076923,7501.40728
2013,South Africa,3.67E+11,-0.073232323,6829.020465
2014,South Africa,3.51E+11,-0.04359673,6428.293579
2015,South Africa,3.17E+11,-0.096866097,5730.934174
2016,South Africa,2.96E+11,-0.066246057,5272.627749
2017,South Africa,3.49E+11,0.179054054,6127.462297
2018,South Africa,3.68E+11,0.054441261,6374.015446
